Cuisine,n_restaurants,mean_rating,total_votes
Sandwich,53,4.066037735849057,23500
Steak,62,3.985483870967742,25677
Sushi,75,3.973333333333333,20582
Breakfast,41,3.9658536585365853,16097
Mediterranean,112,3.9482142857142857,80538
Bar Food,39,3.9333333333333336,15684
Indian,70,3.9185714285714286,22396
European,148,3.9108108108108106,103309
BBQ,33,3.9030303030303033,9647
Seafood,174,3.8620689655172415,74254
Asian,233,3.815021459227468,104303
Japanese,135,3.797037037037037,34607
Mexican,181,3.7232044198895027,74748
American,390,3.6615384615384614,183117
Thai,234,3.6598290598290597,65930
