Cuisine,n_restaurants,n_rows,total_votes,mean_votes,mean_rating,median_rating,min_rating,max_rating,meets_min_n
Sandwich,53,53,23500,443.39622641509436,4.066037735849057,4.1,2.2,4.9,True
Steak,62,62,25677,414.14516129032256,3.985483870967742,4.0,3.2,4.9,True
Sushi,75,75,20582,274.4266666666667,3.973333333333333,3.9,3.0,4.9,True
Breakfast,41,41,16097,392.609756097561,3.9658536585365853,4.1,2.4,4.9,True
Mediterranean,112,112,80538,719.0892857142857,3.9482142857142857,4.0,0.0,4.9,True
Bar Food,39,39,15684,402.15384615384613,3.9333333333333336,4.1,0.0,4.9,True
Indian,70,70,22396,319.9428571428571,3.9185714285714286,4.1,0.0,4.9,True
European,148,148,103309,698.0337837837837,3.9108108108108106,4.0,0.0,4.9,True
BBQ,33,33,9647,292.3333333333333,3.9030303030303033,4.1,0.0,4.9,True
Seafood,174,174,74254,426.7471264367816,3.8620689655172415,4.0,0.0,4.9,True
Asian,233,233,104303,447.6523605150215,3.815021459227468,3.9,0.0,4.9,True
Japanese,135,135,34607,256.34814814814814,3.797037037037037,3.9,0.0,4.9,True
Mexican,181,181,74748,412.97237569060775,3.7232044198895027,3.9,0.0,4.9,True
American,390,390,183117,469.53076923076924,3.6615384615384614,3.8,0.0,4.9,True
Thai,234,234,65930,281.7521367521368,3.6598290598290597,3.8,0.0,4.7,True
Italian,764,764,329265,430.97513089005236,3.562041884816754,3.8,0.0,4.9,True
Burger,251,251,76747,305.7649402390438,3.520717131474104,3.6,0.0,4.9,True
Continental,736,736,288255,391.6508152173913,3.5187500000000003,3.7,0.0,4.9,True
Lebanese,69,69,23390,338.9855072463768,3.4333333333333336,3.7,0.0,4.6,True
Cafe,703,703,177568,252.58605974395448,3.321194879089616,3.7,0.0,4.9,True
Finger Food,114,114,34823,305.46491228070175,3.276315789473684,3.5,0.0,4.6,True
Salad,93,93,11620,124.94623655913979,3.1655913978494623,3.3,0.0,4.7,True
Healthy Food,150,150,14864,99.09333333333333,3.0813333333333333,3.4,0.0,4.9,True
Desserts,653,653,105889,162.15773353751914,2.978866768759571,3.4,0.0,4.9,True
Pizza,381,381,78179,205.1942257217848,2.921784776902887,3.3,0.0,4.9,True
Tea,48,48,10202,212.54166666666666,2.81875,3.6,0.0,4.9,True
Beverages,228,228,21004,92.12280701754386,2.7333333333333334,3.3,0.0,4.8,True
Chinese,2733,2733,363879,133.14270032930844,2.620234174899378,3.1,0.0,4.9,True
Mughlai,994,994,151944,152.86116700201208,2.612575452716298,3.1,0.0,4.9,True
Ice Cream,226,226,15780,69.82300884955752,2.5831858407079644,3.2,0.0,4.9,True
Fast Food,1986,1986,184058,92.67774420946627,2.5630916414904332,3.1,0.0,4.9,True
North Indian,3960,3960,595981,150.50025252525253,2.5104545454545453,3.1,0.0,4.9,True
South Indian,636,636,80962,127.29874213836477,2.469811320754717,3.0,0.0,4.9,True
Bakery,744,744,57690,77.54032258064517,2.4400537634408606,3.1,0.0,4.9,True
Biryani,177,177,18614,105.1638418079096,2.4203389830508475,3.1,0.0,4.7,True
Street Food,562,562,43798,77.932384341637,2.356049822064057,3.0,0.0,4.9,True
Tibetan,44,44,4593,104.38636363636364,2.3022727272727272,3.05,0.0,4.4,True
Raw Meats,114,114,1945,17.06140350877193,2.1526315789473687,2.9,0.0,3.7,True
Mithai,380,380,19647,51.70263157894737,2.0736842105263156,2.8,0.0,4.3,True
